,year,quarter,ent_code,ent_nombre,pob_total,pob_hombres_total,pob_mujeres_total,pet_hombres_15mas,pet_mujeres_15mas,pea_hombres,pea_mujeres,ing_prom_mes_total,ing_prom_hora_total,periodo
0,2018,1,1,Aguascalientes,,,,,,,,,,2018-T1
1,2018,1,2,Baja California,,,,,,,,,,2018-T1
2,2018,1,3,Baja California Sur,,,,,,,,,,2018-T1
3,2018,1,4,Campeche,,,,,,,,,,2018-T1
4,2018,1,5,Coahuila,,,,,,,,,,2018-T1
5,2018,1,6,Colima,,,,,,,,,,2018-T1
6,2018,1,7,Chiapas,,,,,,,,,,2018-T1
7,2018,1,8,Chihuahua,,,,,,,,,,2018-T1
8,2018,1,9,Ciudad de México,,,,,,,,,,2018-T1
9,2018,1,10,Durango,,,,,,,,,,2018-T1
10,2018,1,11,Guanajuato,,,,,,,,,,2018-T1
11,2018,1,12,Guerrero,,,,,,,,,,2018-T1
12,2018,1,13,Hidalgo,,,,,,,,,,2018-T1
13,2018,1,14,Jalisco,,,,,,,,,,2018-T1
14,2018,1,15,México,,,,,,,,,,2018-T1
15,2018,1,16,Michoacán,,,,,,,,,,2018-T1
16,2018,1,17,Morelos,,,,,,,,,,2018-T1
17,2018,1,18,Nayarit,,,,,,,,,,2018-T1
18,2018,1,19,Nuevo León,,,,,,,,,,2018-T1
19,2018,1,20,Oaxaca,,,,,,,,,,2018-T1
20,2018,1,21,Puebla,,,,,,,,,,2018-T1
21,2018,1,22,Querétaro,,,,,,,,,,2018-T1
22,2018,1,23,Quintana Roo,,,,,,,,,,2018-T1
23,2018,1,24,San Luis Potosí,,,,,,,,,,2018-T1
24,2018,1,25,Sinaloa,,,,,,,,,,2018-T1
25,2018,1,26,Sonora,,,,,,,,,,2018-T1
26,2018,1,27,Tabasco,,,,,,,,,,2018-T1
27,2018,1,28,Tamaulipas,,,,,,,,,,2018-T1
28,2018,1,29,Tlaxcala,,,,,,,,,,2018-T1
29,2018,1,30,Veracruz,,,,,,,,,,2018-T1
30,2018,1,31,Yucatán,,,,,,,,,,2018-T1
31,2018,1,32,Zacatecas,,,,,,,,,,2018-T1
32,2018,2,1,Aguascalientes,,,,,,,,,,2018-T2
33,2018,2,2,Baja California,,,,,,,,,,2018-T2
34,2018,2,3,Baja California Sur,,,,,,,,,,2018-T2
35,2018,2,4,Campeche,,,,,,,,,,2018-T2
36,2018,2,5,Coahuila,,,,,,,,,,2018-T2
37,2018,2,6,Colima,,,,,,,,,,2018-T2
38,2018,2,7,Chiapas,,,,,,,,,,2018-T2
39,2018,2,8,Chihuahua,,,,,,,,,,2018-T2
40,2018,2,9,Ciudad de México,,,,,,,,,,2018-T2
41,2018,2,10,Durango,,,,,,,,,,2018-T2
42,2018,2,11,Guanajuato,,,,,,,,,,2018-T2
43,2018,2,12,Guerrero,,,,,,,,,,2018-T2
44,2018,2,13,Hidalgo,,,,,,,,,,2018-T2
45,2018,2,14,Jalisco,,,,,,,,,,2018-T2
46,2018,2,15,México,,,,,,,,,,2018-T2
47,2018,2,16,Michoacán,,,,,,,,,,2018-T2
48,2018,2,17,Morelos,,,,,,,,,,2018-T2
49,2018,2,18,Nayarit,,,,,,,,,,2018-T2
50,2018,2,19,Nuevo León,,,,,,,,,,2018-T2
51,2018,2,20,Oaxaca,,,,,,,,,,2018-T2
52,2018,2,21,Puebla,,,,,,,,,,2018-T2
53,2018,2,22,Querétaro,,,,,,,,,,2018-T2
54,2018,2,23,Quintana Roo,,,,,,,,,,2018-T2
55,2018,2,24,San Luis Potosí,,,,,,,,,,2018-T2
56,2018,2,25,Sinaloa,,,,,,,,,,2018-T2
57,2018,2,26,Sonora,,,,,,,,,,2018-T2
58,2018,2,27,Tabasco,,,,,,,,,,2018-T2
59,2018,2,28,Tamaulipas,,,,,,,,,,2018-T2
60,2018,2,29,Tlaxcala,,,,,,,,,,2018-T2
61,2018,2,30,Veracruz,,,,,,,,,,2018-T2
62,2018,2,31,Yucatán,,,,,,,,,,2018-T2
63,2018,2,32,Zacatecas,,,,,,,,,,2018-T2
64,2018,3,1,Aguascalientes,,,,,,,,,,2018-T3
65,2018,3,2,Baja California,,,,,,,,,,2018-T3
66,2018,3,3,Baja California Sur,,,,,,,,,,2018-T3
67,2018,3,4,Campeche,,,,,,,,,,2018-T3
68,2018,3,5,Coahuila,,,,,,,,,,2018-T3
69,2018,3,6,Colima,,,,,,,,,,2018-T3
70,2018,3,7,Chiapas,,,,,,,,,,2018-T3
71,2018,3,8,Chihuahua,,,,,,,,,,2018-T3
72,2018,3,9,Ciudad de México,,,,,,,,,,2018-T3
73,2018,3,10,Durango,,,,,,,,,,2018-T3
74,2018,3,11,Guanajuato,,,,,,,,,,2018-T3
75,2018,3,12,Guerrero,,,,,,,,,,2018-T3
76,2018,3,13,Hidalgo,,,,,,,,,,2018-T3
77,2018,3,14,Jalisco,,,,,,,,,,2018-T3
78,2018,3,15,México,,,,,,,,,,2018-T3
79,2018,3,16,Michoacán,,,,,,,,,,2018-T3
80,2018,3,17,Morelos,,,,,,,,,,2018-T3
81,2018,3,18,Nayarit,,,,,,,,,,2018-T3
82,2018,3,19,Nuevo León,,,,,,,,,,2018-T3
83,2018,3,20,Oaxaca,,,,,,,,,,2018-T3
84,2018,3,21,Puebla,,,,,,,,,,2018-T3
85,2018,3,22,Querétaro,,,,,,,,,,2018-T3
86,2018,3,23,Quintana Roo,,,,,,,,,,2018-T3
87,2018,3,24,San Luis Potosí,,,,,,,,,,2018-T3
88,2018,3,25,Sinaloa,,,,,,,,,,2018-T3
89,2018,3,26,Sonora,,,,,,,,,,2018-T3
90,2018,3,27,Tabasco,,,,,,,,,,2018-T3
91,2018,3,28,Tamaulipas,,,,,,,,,,2018-T3
92,2018,3,29,Tlaxcala,,,,,,,,,,2018-T3
93,2018,3,30,Veracruz,,,,,,,,,,2018-T3
94,2018,3,31,Yucatán,,,,,,,,,,2018-T3
95,2018,3,32,Zacatecas,,,,,,,,,,2018-T3
96,2018,4,1,Aguascalientes,,,,,,,,,,2018-T4
97,2018,4,2,Baja California,,,,,,,,,,2018-T4
98,2018,4,3,Baja California Sur,,,,,,,,,,2018-T4
99,2018,4,4,Campeche,,,,,,,,,,2018-T4
100,2018,4,5,Coahuila,,,,,,,,,,2018-T4
101,2018,4,6,Colima,,,,,,,,,,2018-T4
102,2018,4,7,Chiapas,,,,,,,,,,2018-T4
103,2018,4,8,Chihuahua,,,,,,,,,,2018-T4
104,2018,4,9,Ciudad de México,,,,,,,,,,2018-T4
105,2018,4,10,Durango,,,,,,,,,,2018-T4
106,2018,4,11,Guanajuato,,,,,,,,,,2018-T4
107,2018,4,12,Guerrero,,,,,,,,,,2018-T4
108,2018,4,13,Hidalgo,,,,,,,,,,2018-T4
109,2018,4,14,Jalisco,,,,,,,,,,2018-T4
110,2018,4,15,México,,,,,,,,,,2018-T4
111,2018,4,16,Michoacán,,,,,,,,,,2018-T4
112,2018,4,17,Morelos,,,,,,,,,,2018-T4
113,2018,4,18,Nayarit,,,,,,,,,,2018-T4
114,2018,4,19,Nuevo León,,,,,,,,,,2018-T4
115,2018,4,20,Oaxaca,,,,,,,,,,2018-T4
116,2018,4,21,Puebla,,,,,,,,,,2018-T4
117,2018,4,22,Querétaro,,,,,,,,,,2018-T4
118,2018,4,23,Quintana Roo,,,,,,,,,,2018-T4
119,2018,4,24,San Luis Potosí,,,,,,,,,,2018-T4
120,2018,4,25,Sinaloa,,,,,,,,,,2018-T4
121,2018,4,26,Sonora,,,,,,,,,,2018-T4
122,2018,4,27,Tabasco,,,,,,,,,,2018-T4
123,2018,4,28,Tamaulipas,,,,,,,,,,2018-T4
124,2018,4,29,Tlaxcala,,,,,,,,,,2018-T4
125,2018,4,30,Veracruz,,,,,,,,,,2018-T4
126,2018,4,31,Yucatán,,,,,,,,,,2018-T4
127,2018,4,32,Zacatecas,,,,,,,,,,2018-T4
128,2019,1,1,Aguascalientes,,,,,,,,,,2019-T1
129,2019,1,2,Baja California,,,,,,,,,,2019-T1
130,2019,1,3,Baja California Sur,,,,,,,,,,2019-T1
131,2019,1,4,Campeche,,,,,,,,,,2019-T1
132,2019,1,5,Coahuila,,,,,,,,,,2019-T1
133,2019,1,6,Colima,,,,,,,,,,2019-T1
134,2019,1,7,Chiapas,,,,,,,,,,2019-T1
135,2019,1,8,Chihuahua,,,,,,,,,,2019-T1
136,2019,1,9,Ciudad de México,,,,,,,,,,2019-T1
137,2019,1,10,Durango,,,,,,,,,,2019-T1
138,2019,1,11,Guanajuato,,,,,,,,,,2019-T1
139,2019,1,12,Guerrero,,,,,,,,,,2019-T1
140,2019,1,13,Hidalgo,,,,,,,,,,2019-T1
141,2019,1,14,Jalisco,,,,,,,,,,2019-T1
142,2019,1,15,México,,,,,,,,,,2019-T1
143,2019,1,16,Michoacán,,,,,,,,,,2019-T1
144,2019,1,17,Morelos,,,,,,,,,,2019-T1
145,2019,1,18,Nayarit,,,,,,,,,,2019-T1
146,2019,1,19,Nuevo León,,,,,,,,,,2019-T1
147,2019,1,20,Oaxaca,,,,,,,,,,2019-T1
148,2019,1,21,Puebla,,,,,,,,,,2019-T1
149,2019,1,22,Querétaro,,,,,,,,,,2019-T1
150,2019,1,23,Quintana Roo,,,,,,,,,,2019-T1
151,2019,1,24,San Luis Potosí,,,,,,,,,,2019-T1
152,2019,1,25,Sinaloa,,,,,,,,,,2019-T1
153,2019,1,26,Sonora,,,,,,,,,,2019-T1
154,2019,1,27,Tabasco,,,,,,,,,,2019-T1
155,2019,1,28,Tamaulipas,,,,,,,,,,2019-T1
156,2019,1,29,Tlaxcala,,,,,,,,,,2019-T1
157,2019,1,30,Veracruz,,,,,,,,,,2019-T1
158,2019,1,31,Yucatán,,,,,,,,,,2019-T1
159,2019,1,32,Zacatecas,,,,,,,,,,2019-T1
160,2019,2,1,Aguascalientes,,,,,,,,,,2019-T2
161,2019,2,2,Baja California,,,,,,,,,,2019-T2
162,2019,2,3,Baja California Sur,,,,,,,,,,2019-T2
163,2019,2,4,Campeche,,,,,,,,,,2019-T2
164,2019,2,5,Coahuila,,,,,,,,,,2019-T2
165,2019,2,6,Colima,,,,,,,,,,2019-T2
166,2019,2,7,Chiapas,,,,,,,,,,2019-T2
167,2019,2,8,Chihuahua,,,,,,,,,,2019-T2
168,2019,2,9,Ciudad de México,,,,,,,,,,2019-T2
169,2019,2,10,Durango,,,,,,,,,,2019-T2
170,2019,2,11,Guanajuato,,,,,,,,,,2019-T2
171,2019,2,12,Guerrero,,,,,,,,,,2019-T2
172,2019,2,13,Hidalgo,,,,,,,,,,2019-T2
173,2019,2,14,Jalisco,,,,,,,,,,2019-T2
174,2019,2,15,México,,,,,,,,,,2019-T2
175,2019,2,16,Michoacán,,,,,,,,,,2019-T2
176,2019,2,17,Morelos,,,,,,,,,,2019-T2
177,2019,2,18,Nayarit,,,,,,,,,,2019-T2
178,2019,2,19,Nuevo León,,,,,,,,,,2019-T2
179,2019,2,20,Oaxaca,,,,,,,,,,2019-T2
180,2019,2,21,Puebla,,,,,,,,,,2019-T2
181,2019,2,22,Querétaro,,,,,,,,,,2019-T2
182,2019,2,23,Quintana Roo,,,,,,,,,,2019-T2
183,2019,2,24,San Luis Potosí,,,,,,,,,,2019-T2
184,2019,2,25,Sinaloa,,,,,,,,,,2019-T2
185,2019,2,26,Sonora,,,,,,,,,,2019-T2
186,2019,2,27,Tabasco,,,,,,,,,,2019-T2
187,2019,2,28,Tamaulipas,,,,,,,,,,2019-T2
188,2019,2,29,Tlaxcala,,,,,,,,,,2019-T2
189,2019,2,30,Veracruz,,,,,,,,,,2019-T2
190,2019,2,31,Yucatán,,,,,,,,,,2019-T2
191,2019,2,32,Zacatecas,,,,,,,,,,2019-T2
192,2019,3,1,Aguascalientes,,,,,,,,,,2019-T3
193,2019,3,2,Baja California,,,,,,,,,,2019-T3
194,2019,3,3,Baja California Sur,,,,,,,,,,2019-T3
195,2019,3,4,Campeche,,,,,,,,,,2019-T3
196,2019,3,5,Coahuila,,,,,,,,,,2019-T3
197,2019,3,6,Colima,,,,,,,,,,2019-T3
198,2019,3,7,Chiapas,,,,,,,,,,2019-T3
199,2019,3,8,Chihuahua,,,,,,,,,,2019-T3
200,2019,3,9,Ciudad de México,,,,,,,,,,2019-T3
201,2019,3,10,Durango,,,,,,,,,,2019-T3
202,2019,3,11,Guanajuato,,,,,,,,,,2019-T3
203,2019,3,12,Guerrero,,,,,,,,,,2019-T3
204,2019,3,13,Hidalgo,,,,,,,,,,2019-T3
205,2019,3,14,Jalisco,,,,,,,,,,2019-T3
206,2019,3,15,México,,,,,,,,,,2019-T3
207,2019,3,16,Michoacán,,,,,,,,,,2019-T3
208,2019,3,17,Morelos,,,,,,,,,,2019-T3
209,2019,3,18,Nayarit,,,,,,,,,,2019-T3
210,2019,3,19,Nuevo León,,,,,,,,,,2019-T3
211,2019,3,20,Oaxaca,,,,,,,,,,2019-T3
212,2019,3,21,Puebla,,,,,,,,,,2019-T3
213,2019,3,22,Querétaro,,,,,,,,,,2019-T3
214,2019,3,23,Quintana Roo,,,,,,,,,,2019-T3
215,2019,3,24,San Luis Potosí,,,,,,,,,,2019-T3
216,2019,3,25,Sinaloa,,,,,,,,,,2019-T3
217,2019,3,26,Sonora,,,,,,,,,,2019-T3
218,2019,3,27,Tabasco,,,,,,,,,,2019-T3
219,2019,3,28,Tamaulipas,,,,,,,,,,2019-T3
220,2019,3,29,Tlaxcala,,,,,,,,,,2019-T3
221,2019,3,30,Veracruz,,,,,,,,,,2019-T3
222,2019,3,31,Yucatán,,,,,,,,,,2019-T3
223,2019,3,32,Zacatecas,,,,,,,,,,2019-T3
224,2019,4,1,Aguascalientes,,,,,,,,,,2019-T4
225,2019,4,2,Baja California,,,,,,,,,,2019-T4
226,2019,4,3,Baja California Sur,,,,,,,,,,2019-T4
227,2019,4,4,Campeche,,,,,,,,,,2019-T4
228,2019,4,5,Coahuila,,,,,,,,,,2019-T4
229,2019,4,6,Colima,,,,,,,,,,2019-T4
230,2019,4,7,Chiapas,,,,,,,,,,2019-T4
231,2019,4,8,Chihuahua,,,,,,,,,,2019-T4
232,2019,4,9,Ciudad de México,,,,,,,,,,2019-T4
233,2019,4,10,Durango,,,,,,,,,,2019-T4
234,2019,4,11,Guanajuato,,,,,,,,,,2019-T4
235,2019,4,12,Guerrero,,,,,,,,,,2019-T4
236,2019,4,13,Hidalgo,,,,,,,,,,2019-T4
237,2019,4,14,Jalisco,,,,,,,,,,2019-T4
238,2019,4,15,México,,,,,,,,,,2019-T4
239,2019,4,16,Michoacán,,,,,,,,,,2019-T4
240,2019,4,17,Morelos,,,,,,,,,,2019-T4
241,2019,4,18,Nayarit,,,,,,,,,,2019-T4
242,2019,4,19,Nuevo León,,,,,,,,,,2019-T4
243,2019,4,20,Oaxaca,,,,,,,,,,2019-T4
244,2019,4,21,Puebla,,,,,,,,,,2019-T4
245,2019,4,22,Querétaro,,,,,,,,,,2019-T4
246,2019,4,23,Quintana Roo,,,,,,,,,,2019-T4
247,2019,4,24,San Luis Potosí,,,,,,,,,,2019-T4
248,2019,4,25,Sinaloa,,,,,,,,,,2019-T4
249,2019,4,26,Sonora,,,,,,,,,,2019-T4
250,2019,4,27,Tabasco,,,,,,,,,,2019-T4
251,2019,4,28,Tamaulipas,,,,,,,,,,2019-T4
252,2019,4,29,Tlaxcala,,,,,,,,,,2019-T4
253,2019,4,30,Veracruz,,,,,,,,,,2019-T4
254,2019,4,31,Yucatán,,,,,,,,,,2019-T4
255,2019,4,32,Zacatecas,,,,,,,,,,2019-T4
256,2020,1,1,Aguascalientes,,,,,,,,,,2020-T1
257,2020,1,2,Baja California,,,,,,,,,,2020-T1
258,2020,1,3,Baja California Sur,,,,,,,,,,2020-T1
259,2020,1,4,Campeche,,,,,,,,,,2020-T1
260,2020,1,5,Coahuila,,,,,,,,,,2020-T1
261,2020,1,6,Colima,,,,,,,,,,2020-T1
262,2020,1,7,Chiapas,,,,,,,,,,2020-T1
263,2020,1,8,Chihuahua,,,,,,,,,,2020-T1
264,2020,1,9,Ciudad de México,,,,,,,,,,2020-T1
265,2020,1,10,Durango,,,,,,,,,,2020-T1
266,2020,1,11,Guanajuato,,,,,,,,,,2020-T1
267,2020,1,12,Guerrero,,,,,,,,,,2020-T1
268,2020,1,13,Hidalgo,,,,,,,,,,2020-T1
269,2020,1,14,Jalisco,,,,,,,,,,2020-T1
270,2020,1,15,México,,,,,,,,,,2020-T1
271,2020,1,16,Michoacán,,,,,,,,,,2020-T1
272,2020,1,17,Morelos,,,,,,,,,,2020-T1
273,2020,1,18,Nayarit,,,,,,,,,,2020-T1
274,2020,1,19,Nuevo León,,,,,,,,,,2020-T1
275,2020,1,20,Oaxaca,,,,,,,,,,2020-T1
276,2020,1,21,Puebla,,,,,,,,,,2020-T1
277,2020,1,22,Querétaro,,,,,,,,,,2020-T1
278,2020,1,23,Quintana Roo,,,,,,,,,,2020-T1
279,2020,1,24,San Luis Potosí,,,,,,,,,,2020-T1
280,2020,1,25,Sinaloa,,,,,,,,,,2020-T1
281,2020,1,26,Sonora,,,,,,,,,,2020-T1
282,2020,1,27,Tabasco,,,,,,,,,,2020-T1
283,2020,1,28,Tamaulipas,,,,,,,,,,2020-T1
284,2020,1,29,Tlaxcala,,,,,,,,,,2020-T1
285,2020,1,30,Veracruz,,,,,,,,,,2020-T1
286,2020,1,31,Yucatán,,,,,,,,,,2020-T1
287,2020,1,32,Zacatecas,,,,,,,,,,2020-T1
288,2020,4,1,Aguascalientes,,,,,,,,,,2020-T4
289,2020,4,2,Baja California,,,,,,,,,,2020-T4
290,2020,4,3,Baja California Sur,,,,,,,,,,2020-T4
291,2020,4,4,Campeche,,,,,,,,,,2020-T4
292,2020,4,5,Coahuila,,,,,,,,,,2020-T4
293,2020,4,6,Colima,,,,,,,,,,2020-T4
294,2020,4,7,Chiapas,,,,,,,,,,2020-T4
295,2020,4,8,Chihuahua,,,,,,,,,,2020-T4
296,2020,4,9,Ciudad de México,,,,,,,,,,2020-T4
297,2020,4,10,Durango,,,,,,,,,,2020-T4
298,2020,4,11,Guanajuato,,,,,,,,,,2020-T4
299,2020,4,12,Guerrero,,,,,,,,,,2020-T4
300,2020,4,13,Hidalgo,,,,,,,,,,2020-T4
301,2020,4,14,Jalisco,,,,,,,,,,2020-T4
302,2020,4,15,México,,,,,,,,,,2020-T4
303,2020,4,16,Michoacán,,,,,,,,,,2020-T4
304,2020,4,17,Morelos,,,,,,,,,,2020-T4
305,2020,4,18,Nayarit,,,,,,,,,,2020-T4
306,2020,4,19,Nuevo León,,,,,,,,,,2020-T4
307,2020,4,20,Oaxaca,,,,,,,,,,2020-T4
308,2020,4,21,Puebla,,,,,,,,,,2020-T4
309,2020,4,22,Querétaro,,,,,,,,,,2020-T4
310,2020,4,23,Quintana Roo,,,,,,,,,,2020-T4
311,2020,4,24,San Luis Potosí,,,,,,,,,,2020-T4
312,2020,4,25,Sinaloa,,,,,,,,,,2020-T4
313,2020,4,26,Sonora,,,,,,,,,,2020-T4
314,2020,4,27,Tabasco,,,,,,,,,,2020-T4
315,2020,4,28,Tamaulipas,,,,,,,,,,2020-T4
316,2020,4,29,Tlaxcala,,,,,,,,,,2020-T4
317,2020,4,30,Veracruz,,,,,,,,,,2020-T4
318,2020,4,31,Yucatán,,,,,,,,,,2020-T4
319,2020,4,32,Zacatecas,,,,,,,,,,2020-T4
320,2021,1,1,Aguascalientes,,,,,,,,,,2021-T1
321,2021,1,2,Baja California,,,,,,,,,,2021-T1
322,2021,1,3,Baja California Sur,,,,,,,,,,2021-T1
323,2021,1,4,Campeche,,,,,,,,,,2021-T1
324,2021,1,5,Coahuila,,,,,,,,,,2021-T1
325,2021,1,6,Colima,,,,,,,,,,2021-T1
326,2021,1,7,Chiapas,,,,,,,,,,2021-T1
327,2021,1,8,Chihuahua,,,,,,,,,,2021-T1
328,2021,1,9,Ciudad de México,,,,,,,,,,2021-T1
329,2021,1,10,Durango,,,,,,,,,,2021-T1
330,2021,1,11,Guanajuato,,,,,,,,,,2021-T1
331,2021,1,12,Guerrero,,,,,,,,,,2021-T1
332,2021,1,13,Hidalgo,,,,,,,,,,2021-T1
333,2021,1,14,Jalisco,,,,,,,,,,2021-T1
334,2021,1,15,México,,,,,,,,,,2021-T1
335,2021,1,16,Michoacán,,,,,,,,,,2021-T1
336,2021,1,17,Morelos,,,,,,,,,,2021-T1
337,2021,1,18,Nayarit,,,,,,,,,,2021-T1
338,2021,1,19,Nuevo León,,,,,,,,,,2021-T1
339,2021,1,20,Oaxaca,,,,,,,,,,2021-T1
340,2021,1,21,Puebla,,,,,,,,,,2021-T1
341,2021,1,22,Querétaro,,,,,,,,,,2021-T1
342,2021,1,23,Quintana Roo,,,,,,,,,,2021-T1
343,2021,1,24,San Luis Potosí,,,,,,,,,,2021-T1
344,2021,1,25,Sinaloa,,,,,,,,,,2021-T1
345,2021,1,26,Sonora,,,,,,,,,,2021-T1
346,2021,1,27,Tabasco,,,,,,,,,,2021-T1
347,2021,1,28,Tamaulipas,,,,,,,,,,2021-T1
348,2021,1,29,Tlaxcala,,,,,,,,,,2021-T1
349,2021,1,30,Veracruz,,,,,,,,,,2021-T1
350,2021,1,31,Yucatán,,,,,,,,,,2021-T1
351,2021,1,32,Zacatecas,,,,,,,,,,2021-T1
352,2021,2,1,Aguascalientes,,,,,,,,,,2021-T2
353,2021,2,2,Baja California,,,,,,,,,,2021-T2
354,2021,2,3,Baja California Sur,,,,,,,,,,2021-T2
355,2021,2,4,Campeche,,,,,,,,,,2021-T2
356,2021,2,5,Coahuila,,,,,,,,,,2021-T2
357,2021,2,6,Colima,,,,,,,,,,2021-T2
358,2021,2,7,Chiapas,,,,,,,,,,2021-T2
359,2021,2,8,Chihuahua,,,,,,,,,,2021-T2
360,2021,2,9,Ciudad de México,,,,,,,,,,2021-T2
361,2021,2,10,Durango,,,,,,,,,,2021-T2
362,2021,2,11,Guanajuato,,,,,,,,,,2021-T2
363,2021,2,12,Guerrero,,,,,,,,,,2021-T2
364,2021,2,13,Hidalgo,,,,,,,,,,2021-T2
365,2021,2,14,Jalisco,,,,,,,,,,2021-T2
366,2021,2,15,México,,,,,,,,,,2021-T2
367,2021,2,16,Michoacán,,,,,,,,,,2021-T2
368,2021,2,17,Morelos,,,,,,,,,,2021-T2
369,2021,2,18,Nayarit,,,,,,,,,,2021-T2
370,2021,2,19,Nuevo León,,,,,,,,,,2021-T2
371,2021,2,20,Oaxaca,,,,,,,,,,2021-T2
372,2021,2,21,Puebla,,,,,,,,,,2021-T2
373,2021,2,22,Querétaro,,,,,,,,,,2021-T2
374,2021,2,23,Quintana Roo,,,,,,,,,,2021-T2
375,2021,2,24,San Luis Potosí,,,,,,,,,,2021-T2
376,2021,2,25,Sinaloa,,,,,,,,,,2021-T2
377,2021,2,26,Sonora,,,,,,,,,,2021-T2
378,2021,2,27,Tabasco,,,,,,,,,,2021-T2
379,2021,2,28,Tamaulipas,,,,,,,,,,2021-T2
380,2021,2,29,Tlaxcala,,,,,,,,,,2021-T2
381,2021,2,30,Veracruz,,,,,,,,,,2021-T2
382,2021,2,31,Yucatán,,,,,,,,,,2021-T2
383,2021,2,32,Zacatecas,,,,,,,,,,2021-T2
384,2021,3,1,Aguascalientes,,,,,,,,,,2021-T3
385,2021,3,2,Baja California,,,,,,,,,,2021-T3
386,2021,3,3,Baja California Sur,,,,,,,,,,2021-T3
387,2021,3,4,Campeche,,,,,,,,,,2021-T3
388,2021,3,5,Coahuila,,,,,,,,,,2021-T3
389,2021,3,6,Colima,,,,,,,,,,2021-T3
390,2021,3,7,Chiapas,,,,,,,,,,2021-T3
391,2021,3,8,Chihuahua,,,,,,,,,,2021-T3
392,2021,3,9,Ciudad de México,,,,,,,,,,2021-T3
393,2021,3,10,Durango,,,,,,,,,,2021-T3
394,2021,3,11,Guanajuato,,,,,,,,,,2021-T3
395,2021,3,12,Guerrero,,,,,,,,,,2021-T3
396,2021,3,13,Hidalgo,,,,,,,,,,2021-T3
397,2021,3,14,Jalisco,,,,,,,,,,2021-T3
398,2021,3,15,México,,,,,,,,,,2021-T3
399,2021,3,16,Michoacán,,,,,,,,,,2021-T3
400,2021,3,17,Morelos,,,,,,,,,,2021-T3
401,2021,3,18,Nayarit,,,,,,,,,,2021-T3
402,2021,3,19,Nuevo León,,,,,,,,,,2021-T3
403,2021,3,20,Oaxaca,,,,,,,,,,2021-T3
404,2021,3,21,Puebla,,,,,,,,,,2021-T3
405,2021,3,22,Querétaro,,,,,,,,,,2021-T3
406,2021,3,23,Quintana Roo,,,,,,,,,,2021-T3
407,2021,3,24,San Luis Potosí,,,,,,,,,,2021-T3
408,2021,3,25,Sinaloa,,,,,,,,,,2021-T3
409,2021,3,26,Sonora,,,,,,,,,,2021-T3
410,2021,3,27,Tabasco,,,,,,,,,,2021-T3
411,2021,3,28,Tamaulipas,,,,,,,,,,2021-T3
412,2021,3,29,Tlaxcala,,,,,,,,,,2021-T3
413,2021,3,30,Veracruz,,,,,,,,,,2021-T3
414,2021,3,31,Yucatán,,,,,,,,,,2021-T3
415,2021,3,32,Zacatecas,,,,,,,,,,2021-T3
416,2021,4,1,Aguascalientes,,,,,,,,,,2021-T4
417,2021,4,2,Baja California,,,,,,,,,,2021-T4
418,2021,4,3,Baja California Sur,,,,,,,,,,2021-T4
419,2021,4,4,Campeche,,,,,,,,,,2021-T4
420,2021,4,5,Coahuila,,,,,,,,,,2021-T4
421,2021,4,6,Colima,,,,,,,,,,2021-T4
422,2021,4,7,Chiapas,,,,,,,,,,2021-T4
423,2021,4,8,Chihuahua,,,,,,,,,,2021-T4
424,2021,4,9,Ciudad de México,,,,,,,,,,2021-T4
425,2021,4,10,Durango,,,,,,,,,,2021-T4
426,2021,4,11,Guanajuato,,,,,,,,,,2021-T4
427,2021,4,12,Guerrero,,,,,,,,,,2021-T4
428,2021,4,13,Hidalgo,,,,,,,,,,2021-T4
429,2021,4,14,Jalisco,,,,,,,,,,2021-T4
430,2021,4,15,México,,,,,,,,,,2021-T4
431,2021,4,16,Michoacán,,,,,,,,,,2021-T4
432,2021,4,17,Morelos,,,,,,,,,,2021-T4
433,2021,4,18,Nayarit,,,,,,,,,,2021-T4
434,2021,4,19,Nuevo León,,,,,,,,,,2021-T4
435,2021,4,20,Oaxaca,,,,,,,,,,2021-T4
436,2021,4,21,Puebla,,,,,,,,,,2021-T4
437,2021,4,22,Querétaro,,,,,,,,,,2021-T4
438,2021,4,23,Quintana Roo,,,,,,,,,,2021-T4
439,2021,4,24,San Luis Potosí,,,,,,,,,,2021-T4
440,2021,4,25,Sinaloa,,,,,,,,,,2021-T4
441,2021,4,26,Sonora,,,,,,,,,,2021-T4
442,2021,4,27,Tabasco,,,,,,,,,,2021-T4
443,2021,4,28,Tamaulipas,,,,,,,,,,2021-T4
444,2021,4,29,Tlaxcala,,,,,,,,,,2021-T4
445,2021,4,30,Veracruz,,,,,,,,,,2021-T4
446,2021,4,31,Yucatán,,,,,,,,,,2021-T4
447,2021,4,32,Zacatecas,,,,,,,,,,2021-T4
448,2022,1,1,Aguascalientes,,,,,,,,,,2022-T1
449,2022,1,2,Baja California,,,,,,,,,,2022-T1
450,2022,1,3,Baja California Sur,,,,,,,,,,2022-T1
451,2022,1,4,Campeche,,,,,,,,,,2022-T1
452,2022,1,5,Coahuila,,,,,,,,,,2022-T1
453,2022,1,6,Colima,,,,,,,,,,2022-T1
454,2022,1,7,Chiapas,,,,,,,,,,2022-T1
455,2022,1,8,Chihuahua,,,,,,,,,,2022-T1
456,2022,1,9,Ciudad de México,,,,,,,,,,2022-T1
457,2022,1,10,Durango,,,,,,,,,,2022-T1
458,2022,1,11,Guanajuato,,,,,,,,,,2022-T1
459,2022,1,12,Guerrero,,,,,,,,,,2022-T1
460,2022,1,13,Hidalgo,,,,,,,,,,2022-T1
461,2022,1,14,Jalisco,,,,,,,,,,2022-T1
462,2022,1,15,México,,,,,,,,,,2022-T1
463,2022,1,16,Michoacán,,,,,,,,,,2022-T1
464,2022,1,17,Morelos,,,,,,,,,,2022-T1
465,2022,1,18,Nayarit,,,,,,,,,,2022-T1
466,2022,1,19,Nuevo León,,,,,,,,,,2022-T1
467,2022,1,20,Oaxaca,,,,,,,,,,2022-T1
468,2022,1,21,Puebla,,,,,,,,,,2022-T1
469,2022,1,22,Querétaro,,,,,,,,,,2022-T1
470,2022,1,23,Quintana Roo,,,,,,,,,,2022-T1
471,2022,1,24,San Luis Potosí,,,,,,,,,,2022-T1
472,2022,1,25,Sinaloa,,,,,,,,,,2022-T1
473,2022,1,26,Sonora,,,,,,,,,,2022-T1
474,2022,1,27,Tabasco,,,,,,,,,,2022-T1
475,2022,1,28,Tamaulipas,,,,,,,,,,2022-T1
476,2022,1,29,Tlaxcala,,,,,,,,,,2022-T1
477,2022,1,30,Veracruz,,,,,,,,,,2022-T1
478,2022,1,31,Yucatán,,,,,,,,,,2022-T1
479,2022,1,32,Zacatecas,,,,,,,,,,2022-T1
480,2022,2,1,Aguascalientes,,,,,,,,,,2022-T2
481,2022,2,2,Baja California,,,,,,,,,,2022-T2
482,2022,2,3,Baja California Sur,,,,,,,,,,2022-T2
483,2022,2,4,Campeche,,,,,,,,,,2022-T2
484,2022,2,5,Coahuila,,,,,,,,,,2022-T2
485,2022,2,6,Colima,,,,,,,,,,2022-T2
486,2022,2,7,Chiapas,,,,,,,,,,2022-T2
487,2022,2,8,Chihuahua,,,,,,,,,,2022-T2
488,2022,2,9,Ciudad de México,,,,,,,,,,2022-T2
489,2022,2,10,Durango,,,,,,,,,,2022-T2
490,2022,2,11,Guanajuato,,,,,,,,,,2022-T2
491,2022,2,12,Guerrero,,,,,,,,,,2022-T2
492,2022,2,13,Hidalgo,,,,,,,,,,2022-T2
493,2022,2,14,Jalisco,,,,,,,,,,2022-T2
494,2022,2,15,México,,,,,,,,,,2022-T2
495,2022,2,16,Michoacán,,,,,,,,,,2022-T2
496,2022,2,17,Morelos,,,,,,,,,,2022-T2
497,2022,2,18,Nayarit,,,,,,,,,,2022-T2
498,2022,2,19,Nuevo León,,,,,,,,,,2022-T2
499,2022,2,20,Oaxaca,,,,,,,,,,2022-T2
500,2022,2,21,Puebla,,,,,,,,,,2022-T2
501,2022,2,22,Querétaro,,,,,,,,,,2022-T2
502,2022,2,23,Quintana Roo,,,,,,,,,,2022-T2
503,2022,2,24,San Luis Potosí,,,,,,,,,,2022-T2
504,2022,2,25,Sinaloa,,,,,,,,,,2022-T2
505,2022,2,26,Sonora,,,,,,,,,,2022-T2
506,2022,2,27,Tabasco,,,,,,,,,,2022-T2
507,2022,2,28,Tamaulipas,,,,,,,,,,2022-T2
508,2022,2,29,Tlaxcala,,,,,,,,,,2022-T2
509,2022,2,30,Veracruz,,,,,,,,,,2022-T2
510,2022,2,31,Yucatán,,,,,,,,,,2022-T2
511,2022,2,32,Zacatecas,,,,,,,,,,2022-T2
512,2022,3,1,Aguascalientes,,,,,,,,,,2022-T3
513,2022,3,2,Baja California,,,,,,,,,,2022-T3
514,2022,3,3,Baja California Sur,,,,,,,,,,2022-T3
515,2022,3,4,Campeche,,,,,,,,,,2022-T3
516,2022,3,5,Coahuila,,,,,,,,,,2022-T3
517,2022,3,6,Colima,,,,,,,,,,2022-T3
518,2022,3,7,Chiapas,,,,,,,,,,2022-T3
519,2022,3,8,Chihuahua,,,,,,,,,,2022-T3
520,2022,3,9,Ciudad de México,,,,,,,,,,2022-T3
521,2022,3,10,Durango,,,,,,,,,,2022-T3
522,2022,3,11,Guanajuato,,,,,,,,,,2022-T3
523,2022,3,12,Guerrero,,,,,,,,,,2022-T3
524,2022,3,13,Hidalgo,,,,,,,,,,2022-T3
525,2022,3,14,Jalisco,,,,,,,,,,2022-T3
526,2022,3,15,México,,,,,,,,,,2022-T3
527,2022,3,16,Michoacán,,,,,,,,,,2022-T3
528,2022,3,17,Morelos,,,,,,,,,,2022-T3
529,2022,3,18,Nayarit,,,,,,,,,,2022-T3
530,2022,3,19,Nuevo León,,,,,,,,,,2022-T3
531,2022,3,20,Oaxaca,,,,,,,,,,2022-T3
532,2022,3,21,Puebla,,,,,,,,,,2022-T3
533,2022,3,22,Querétaro,,,,,,,,,,2022-T3
534,2022,3,23,Quintana Roo,,,,,,,,,,2022-T3
535,2022,3,24,San Luis Potosí,,,,,,,,,,2022-T3
536,2022,3,25,Sinaloa,,,,,,,,,,2022-T3
537,2022,3,26,Sonora,,,,,,,,,,2022-T3
538,2022,3,27,Tabasco,,,,,,,,,,2022-T3
539,2022,3,28,Tamaulipas,,,,,,,,,,2022-T3
540,2022,3,29,Tlaxcala,,,,,,,,,,2022-T3
541,2022,3,30,Veracruz,,,,,,,,,,2022-T3
542,2022,3,31,Yucatán,,,,,,,,,,2022-T3
543,2022,3,32,Zacatecas,,,,,,,,,,2022-T3
544,2022,4,1,Aguascalientes,,,,,,,,,,2022-T4
545,2022,4,2,Baja California,,,,,,,,,,2022-T4
546,2022,4,3,Baja California Sur,,,,,,,,,,2022-T4
547,2022,4,4,Campeche,,,,,,,,,,2022-T4
548,2022,4,5,Coahuila,,,,,,,,,,2022-T4
549,2022,4,6,Colima,,,,,,,,,,2022-T4
550,2022,4,7,Chiapas,,,,,,,,,,2022-T4
551,2022,4,8,Chihuahua,,,,,,,,,,2022-T4
552,2022,4,9,Ciudad de México,,,,,,,,,,2022-T4
553,2022,4,10,Durango,,,,,,,,,,2022-T4
554,2022,4,11,Guanajuato,,,,,,,,,,2022-T4
555,2022,4,12,Guerrero,,,,,,,,,,2022-T4
556,2022,4,13,Hidalgo,,,,,,,,,,2022-T4
557,2022,4,14,Jalisco,,,,,,,,,,2022-T4
558,2022,4,15,México,,,,,,,,,,2022-T4
559,2022,4,16,Michoacán,,,,,,,,,,2022-T4
560,2022,4,17,Morelos,,,,,,,,,,2022-T4
561,2022,4,18,Nayarit,,,,,,,,,,2022-T4
562,2022,4,19,Nuevo León,,,,,,,,,,2022-T4
563,2022,4,20,Oaxaca,,,,,,,,,,2022-T4
564,2022,4,21,Puebla,,,,,,,,,,2022-T4
565,2022,4,22,Querétaro,,,,,,,,,,2022-T4
566,2022,4,23,Quintana Roo,,,,,,,,,,2022-T4
567,2022,4,24,San Luis Potosí,,,,,,,,,,2022-T4
568,2022,4,25,Sinaloa,,,,,,,,,,2022-T4
569,2022,4,26,Sonora,,,,,,,,,,2022-T4
570,2022,4,27,Tabasco,,,,,,,,,,2022-T4
571,2022,4,28,Tamaulipas,,,,,,,,,,2022-T4
572,2022,4,29,Tlaxcala,,,,,,,,,,2022-T4
573,2022,4,30,Veracruz,,,,,,,,,,2022-T4
574,2022,4,31,Yucatán,,,,,,,,,,2022-T4
575,2022,4,32,Zacatecas,,,,,,,,,,2022-T4
576,2023,1,1,Aguascalientes,1473274.0,702190.0,771084.0,512049.0,596664.0,385711.0,281061.0,4850.54175906767,26.928962967487216,2023-T1
577,2023,1,2,Baja California,3795873.0,1869574.0,1926299.0,1462241.0,1538476.0,1091243.0,732476.0,6542.686146054684,39.355544327414385,2023-T1
578,2023,1,3,Baja California Sur,837232.0,421721.0,415511.0,325756.0,327877.0,263384.0,183857.0,10592.77359392964,66.37072796668198,2023-T1
579,2023,1,4,Campeche,940504.0,461367.0,479137.0,345002.0,373916.0,270790.0,168385.0,6354.570150775899,36.71804131922538,2023-T1
580,2023,1,5,Coahuila,3286969.0,1622431.0,1664538.0,1212538.0,1276205.0,925485.0,591741.0,8520.732875522508,49.166124693450044,2023-T1
581,2023,1,6,Colima,763227.0,374726.0,388501.0,284983.0,305790.0,224773.0,166603.0,6893.871242046781,41.68667837063764,2023-T1
582,2023,1,7,Chiapas,5683657.0,2681602.0,3002055.0,1765627.0,2117567.0,1462009.0,737460.0,4628.522322923088,27.22526987515072,2023-T1
583,2023,1,8,Chihuahua,3843869.0,1914063.0,1929806.0,1448156.0,1507812.0,1100308.0,693929.0,7456.593411715335,42.85039262418605,2023-T1
584,2023,1,9,Ciudad de México,9325320.0,4440754.0,4884566.0,3706840.0,4171434.0,2723645.0,2152638.0,4760.480517751057,28.8554772778886,2023-T1
585,2023,1,10,Durango,1892209.0,925849.0,966360.0,659624.0,728983.0,508432.0,321595.0,6797.158917130612,42.24901633570988,2023-T1
586,2023,1,11,Guanajuato,6321725.0,2995425.0,3326300.0,2237770.0,2581174.0,1757508.0,1179891.0,4535.090098302125,26.52169192418546,2023-T1
587,2023,1,12,Guerrero,3592236.0,1690068.0,1902168.0,1186072.0,1421429.0,917899.0,667968.0,3914.3816244864724,23.81745319779037,2023-T1
588,2023,1,13,Hidalgo,3201846.0,1487648.0,1714198.0,1142257.0,1375008.0,882151.0,642511.0,5638.324231154264,33.477518722523925,2023-T1
589,2023,1,14,Jalisco,8633339.0,4170724.0,4462615.0,3170276.0,3519109.0,2440895.0,1757241.0,6075.447714623614,34.815890275544184,2023-T1
590,2023,1,15,México,17401804.0,8273991.0,9127813.0,6458603.0,7346737.0,4780226.0,3319801.0,4117.688566737132,23.74126565115059,2023-T1
591,2023,1,16,Michoacán,4937286.0,2362628.0,2574658.0,1697377.0,1955146.0,1327653.0,861689.0,6763.226115341955,40.37954421329678,2023-T1
592,2023,1,17,Morelos,1983684.0,938588.0,1045096.0,725014.0,832043.0,505459.0,385187.0,3040.27582423342,20.10745438429741,2023-T1
593,2023,1,18,Nayarit,1247591.0,608962.0,638629.0,454217.0,499722.0,362867.0,258999.0,7291.1182095061995,44.90673002544078,2023-T1
594,2023,1,19,Nuevo León,6006432.0,3003893.0,3002539.0,2343871.0,2386203.0,1791856.0,1109275.0,8858.462436848582,50.510962905048814,2023-T1
595,2023,1,20,Oaxaca,4220951.0,1980014.0,2240937.0,1412763.0,1697324.0,1105727.0,810649.0,3743.5242558265136,24.657316100146367,2023-T1
596,2023,1,21,Puebla,6665994.0,3125205.0,3540789.0,2309969.0,2749755.0,1831173.0,1246029.0,3816.7040058637626,21.918743507277892,2023-T1
597,2023,1,22,Querétaro,2463183.0,1167828.0,1295355.0,907386.0,1052641.0,661896.0,469913.0,3639.4051392728256,21.39843711486033,2023-T1
598,2023,1,23,Quintana Roo,1946040.0,957574.0,988466.0,743777.0,778372.0,606822.0,390001.0,6722.508847804183,36.58623480099259,2023-T1
599,2023,1,24,San Luis Potosí,2851353.0,1357811.0,1493542.0,1021995.0,1155567.0,784287.0,522215.0,5267.398284320426,32.670856591697785,2023-T1
600,2023,1,25,Sinaloa,3068127.0,1506343.0,1561784.0,1162049.0,1239363.0,883968.0,600275.0,7840.436840162016,49.93018172956535,2023-T1
601,2023,1,26,Sonora,3006462.0,1472959.0,1533503.0,1137250.0,1223193.0,867710.0,597043.0,7451.0161846802175,43.39386506639247,2023-T1
602,2023,1,27,Tabasco,2478538.0,1198946.0,1279592.0,882690.0,978735.0,686653.0,406119.0,6451.216220125241,39.90975004103988,2023-T1
603,2023,1,28,Tamaulipas,3597723.0,1762398.0,1835325.0,1351776.0,1444943.0,1014064.0,654250.0,7677.356698334964,45.729729288847295,2023-T1
604,2023,1,29,Tlaxcala,1415005.0,669160.0,745845.0,492058.0,578843.0,382244.0,268437.0,4601.351607558966,27.26371226001776,2023-T1
605,2023,1,30,Veracruz,8147596.0,3817399.0,4330197.0,2918374.0,3435215.0,2149395.0,1330102.0,4737.946270159182,29.46490169781408,2023-T1
606,2023,1,31,Yucatán,2370924.0,1153009.0,1217915.0,893711.0,969306.0,710939.0,506613.0,6274.7077744980115,39.45496241835671,2023-T1
607,2023,1,32,Zacatecas,1635760.0,782482.0,853278.0,564159.0,646692.0,416747.0,251436.0,4897.237187727477,29.292443363266067,2023-T1
608,2023,2,1,Aguascalientes,1475736.0,701806.0,773930.0,516654.0,600963.0,386497.0,272172.0,4520.485013448765,26.065107266128713,2023-T2
609,2023,2,2,Baja California,3803821.0,1872643.0,1931178.0,1471048.0,1547335.0,1101136.0,745249.0,6521.209498824968,37.61918052802974,2023-T2
610,2023,2,3,Baja California Sur,866661.0,442973.0,423688.0,345587.0,335894.0,281050.0,187866.0,10565.875849311346,64.6891236737154,2023-T2
611,2023,2,4,Campeche,941412.0,461720.0,479692.0,346924.0,374819.0,273843.0,166850.0,6566.286898214768,41.49760964974442,2023-T2
612,2023,2,5,Coahuila,3314657.0,1628799.0,1685858.0,1221321.0,1288932.0,936301.0,621740.0,8799.562657004928,51.237976410113376,2023-T2
613,2023,2,6,Colima,751738.0,372380.0,379358.0,279231.0,297985.0,218135.0,160465.0,6596.684906791701,39.66466103536567,2023-T2
614,2023,2,7,Chiapas,5690779.0,2681302.0,3009477.0,1783829.0,2115492.0,1469148.0,716881.0,4606.004686775483,28.967455035019167,2023-T2
615,2023,2,8,Chihuahua,3849572.0,1905639.0,1943933.0,1455785.0,1515358.0,1130155.0,722202.0,7633.542764079302,45.21874673423397,2023-T2
616,2023,2,9,Ciudad de México,9329899.0,4407577.0,4922322.0,3659609.0,4239135.0,2677562.0,2246701.0,4598.911751833421,28.91216288752085,2023-T2
617,2023,2,10,Durango,1896140.0,925772.0,970368.0,659641.0,738128.0,516149.0,331481.0,6920.371942435557,43.76320745052145,2023-T2
618,2023,2,11,Guanajuato,6311590.0,2977304.0,3334286.0,2237729.0,2596570.0,1718917.0,1136284.0,4773.661846199254,27.888538982665384,2023-T2
619,2023,2,12,Guerrero,3593330.0,1690365.0,1902965.0,1189474.0,1426586.0,922747.0,688893.0,4062.619992933854,25.42033074302907,2023-T2
620,2023,2,13,Hidalgo,3208574.0,1471812.0,1736762.0,1135509.0,1387250.0,860590.0,634238.0,5206.380064848773,33.86738739890937,2023-T2
621,2023,2,14,Jalisco,8651233.0,4162458.0,4488775.0,3164476.0,3545487.0,2399290.0,1781220.0,6258.0079688934575,37.439946472800905,2023-T2
622,2023,2,15,México,17448285.0,8244769.0,9203516.0,6467933.0,7420027.0,4772313.0,3337799.0,4232.834161276717,25.428670084024095,2023-T2
623,2023,2,16,Michoacán,4942489.0,2370962.0,2571527.0,1696647.0,1959468.0,1346196.0,874372.0,6781.23746348672,42.47508765939135,2023-T2
624,2023,2,17,Morelos,1985017.0,929340.0,1055677.0,725410.0,847597.0,510596.0,376090.0,2917.165439968758,17.74802344007213,2023-T2
625,2023,2,18,Nayarit,1248873.0,610689.0,638184.0,455126.0,497611.0,362887.0,265999.0,7401.183200946425,47.8408375388223,2023-T2
626,2023,2,19,Nuevo León,6017578.0,2985648.0,3031930.0,2334394.0,2412599.0,1771270.0,1125239.0,8984.130119380758,53.81464875667435,2023-T2
627,2023,2,20,Oaxaca,4223522.0,1979168.0,2244354.0,1425340.0,1710012.0,1093282.0,743193.0,3750.950564316167,24.20765704310346,2023-T2
628,2023,2,21,Puebla,6650039.0,3092086.0,3557953.0,2283710.0,2735261.0,1805029.0,1265573.0,3904.082443245001,23.433449897017148,2023-T2
629,2023,2,22,Querétaro,2469111.0,1173741.0,1295370.0,913478.0,1049261.0,664510.0,479945.0,3905.95099977868,23.8805782138763,2023-T2
630,2023,2,23,Quintana Roo,1954809.0,965848.0,988961.0,737848.0,778832.0,600287.0,394542.0,7013.488768043175,40.16547268386658,2023-T2
631,2023,2,24,San Luis Potosí,2853129.0,1376564.0,1476565.0,1024734.0,1146398.0,795998.0,522725.0,5201.543734302302,31.65587997006953,2023-T2
632,2023,2,25,Sinaloa,3070061.0,1505886.0,1564175.0,1167833.0,1243774.0,874304.0,597849.0,7758.291982283978,49.57081976905254,2023-T2
633,2023,2,26,Sonora,3009990.0,1485075.0,1524915.0,1156049.0,1221731.0,888187.0,621101.0,7132.76827638369,44.27375429871236,2023-T2
634,2023,2,27,Tabasco,2482566.0,1186337.0,1296229.0,879058.0,986075.0,673090.0,401348.0,6321.3810119693735,39.6554031718986,2023-T2
635,2023,2,28,Tamaulipas,3589309.0,1743990.0,1845319.0,1331024.0,1454928.0,1016399.0,685614.0,7569.445594132385,47.034508249319025,2023-T2
636,2023,2,29,Tlaxcala,1419771.0,671872.0,747899.0,499514.0,578881.0,391116.0,279668.0,4601.850201716831,28.336751158505916,2023-T2
637,2023,2,30,Veracruz,8150087.0,3828608.0,4321479.0,2916841.0,3447170.0,2134882.0,1316990.0,4548.525972630412,27.773305341148873,2023-T2
638,2023,2,31,Yucatán,2362608.0,1144059.0,1218549.0,883818.0,967479.0,703905.0,521605.0,6546.79384605691,42.80288796622577,2023-T2
639,2023,2,32,Zacatecas,1640096.0,782555.0,857541.0,566053.0,652118.0,420764.0,278003.0,4799.9429949368805,31.294901295061614,2023-T2
640,2023,3,1,Aguascalientes,1495667.0,714407.0,781260.0,528172.0,608478.0,400288.0,287574.0,4379.84899985886,24.619578222283284,2023-T3
641,2023,3,2,Baja California,3788603.0,1866587.0,1922016.0,1472608.0,1548897.0,1095428.0,761853.0,7014.704233039585,39.71475502359292,2023-T3
642,2023,3,3,Baja California Sur,868746.0,444056.0,424690.0,350386.0,337353.0,286374.0,189089.0,10859.71008702755,68.70630051549595,2023-T3
643,2023,3,4,Campeche,949788.0,464963.0,484825.0,350864.0,377649.0,275212.0,167939.0,7016.995750294767,40.386851136480125,2023-T3
644,2023,3,5,Coahuila,3297787.0,1631780.0,1666007.0,1238718.0,1277318.0,937116.0,589748.0,9193.354215312664,50.97842265942204,2023-T3
645,2023,3,6,Colima,745365.0,365339.0,380026.0,278660.0,301088.0,220722.0,168276.0,6817.903796686902,39.82059599217499,2023-T3
646,2023,3,7,Chiapas,5714385.0,2693724.0,3020661.0,1807104.0,2118863.0,1497443.0,724545.0,4604.445308757632,28.174526701639664,2023-T3
647,2023,3,8,Chihuahua,3851651.0,1897604.0,1954047.0,1450861.0,1529864.0,1130367.0,733699.0,7767.383853326879,45.38943531244601,2023-T3
648,2023,3,9,Ciudad de México,9301956.0,4411914.0,4890042.0,3701304.0,4202125.0,2726465.0,2185798.0,4903.874545305619,31.255104677751074,2023-T3
649,2023,3,10,Durango,1880488.0,908175.0,972313.0,654821.0,736212.0,511496.0,333780.0,7016.671509793077,42.11907202780127,2023-T3
650,2023,3,11,Guanajuato,6299962.0,2967966.0,3331996.0,2246550.0,2621918.0,1730723.0,1171731.0,4427.442044108442,26.29027534003653,2023-T3
651,2023,3,12,Guerrero,3613686.0,1699965.0,1913721.0,1212888.0,1429579.0,954646.0,711619.0,3729.070794472244,24.538914299856838,2023-T3
652,2023,3,13,Hidalgo,3209687.0,1485702.0,1723985.0,1148959.0,1390432.0,885888.0,644303.0,5011.306931257796,31.313824804398458,2023-T3
653,2023,3,14,Jalisco,8593786.0,4133466.0,4460320.0,3139169.0,3516809.0,2413181.0,1705373.0,5811.970775113421,32.83776776973989,2023-T3
654,2023,3,15,México,17499927.0,8302280.0,9197647.0,6497543.0,7429231.0,4901379.0,3437919.0,4476.495563773705,25.590767276965455,2023-T3
655,2023,3,16,Michoacán,5000129.0,2388525.0,2611604.0,1732035.0,2036780.0,1373991.0,901627.0,6534.862931816216,42.27986120480237,2023-T3
656,2023,3,17,Morelos,1977164.0,924210.0,1052954.0,725228.0,847944.0,514645.0,369467.0,2535.551320252597,15.061136788244246,2023-T3
657,2023,3,18,Nayarit,1268853.0,620993.0,647860.0,468462.0,503389.0,372947.0,261762.0,7427.90946975256,46.577314027890445,2023-T3
658,2023,3,19,Nuevo León,6116958.0,3040237.0,3076721.0,2396838.0,2471150.0,1809812.0,1151685.0,9220.800579364695,54.22776340042697,2023-T3
659,2023,3,20,Oaxaca,4313145.0,2017176.0,2295969.0,1462253.0,1748216.0,1161190.0,820330.0,3770.9968566939606,23.619047910751313,2023-T3
660,2023,3,21,Puebla,6620355.0,3086757.0,3533598.0,2297070.0,2738413.0,1815958.0,1312351.0,4437.243793626508,24.86356914536369,2023-T3
661,2023,3,22,Querétaro,2515688.0,1177952.0,1337736.0,920900.0,1078247.0,683840.0,499926.0,3474.940317143757,21.214547783187065,2023-T3
662,2023,3,23,Quintana Roo,1913192.0,944535.0,968657.0,731033.0,763874.0,586819.0,392978.0,7410.179181677088,42.63417118741926,2023-T3
663,2023,3,24,San Luis Potosí,2861049.0,1368107.0,1492942.0,1019140.0,1164453.0,793920.0,561057.0,5201.133166035747,32.34734899163867,2023-T3
664,2023,3,25,Sinaloa,3088430.0,1495153.0,1593277.0,1155885.0,1263223.0,868547.0,625180.0,8305.869578212003,51.16701738416482,2023-T3
665,2023,3,26,Sonora,2994844.0,1485018.0,1509826.0,1149975.0,1207131.0,860087.0,603668.0,6813.088158636558,40.151628357431996,2023-T3
666,2023,3,27,Tabasco,2475236.0,1192125.0,1283111.0,883669.0,973351.0,697542.0,418646.0,7050.255557121037,42.59245606653896,2023-T3
667,2023,3,28,Tamaulipas,3576222.0,1735000.0,1841222.0,1336358.0,1454791.0,1001608.0,682555.0,8093.154672123496,50.434780202199114,2023-T3
668,2023,3,29,Tlaxcala,1417143.0,671004.0,746139.0,499205.0,582359.0,390948.0,278203.0,4530.3203077118815,27.01315153100315,2023-T3
669,2023,3,30,Veracruz,8130239.0,3843262.0,4286977.0,2962505.0,3430775.0,2178040.0,1297229.0,5004.637376780442,30.995879743359254,2023-T3
670,2023,3,31,Yucatán,2381564.0,1149556.0,1232008.0,886200.0,975815.0,713386.0,501911.0,6606.432013393262,41.97836955521359,2023-T3
671,2023,3,32,Zacatecas,1645041.0,780693.0,864348.0,574578.0,652054.0,439594.0,271245.0,4759.753968951482,29.62541985886251,2023-T3
672,2023,4,1,Aguascalientes,1491953.0,710973.0,780980.0,530374.0,612664.0,391459.0,270898.0,4420.75570614079,24.766328920840007,2023-T4
673,2023,4,2,Baja California,3791901.0,1881994.0,1909907.0,1492740.0,1537732.0,1114181.0,742776.0,6642.699133623209,39.27919497697025,2023-T4
674,2023,4,3,Baja California Sur,856930.0,436243.0,420687.0,344213.0,332297.0,280880.0,189266.0,10794.874449679546,64.04563358146265,2023-T4
675,2023,4,4,Campeche,947023.0,458996.0,488027.0,348650.0,378849.0,274083.0,175217.0,7142.631731862299,42.82238188612164,2023-T4
676,2023,4,5,Coahuila,3326462.0,1639622.0,1686840.0,1253128.0,1308847.0,953782.0,633756.0,8834.880395273678,51.72597222252878,2023-T4
677,2023,4,6,Colima,742251.0,359998.0,382253.0,272316.0,300488.0,216689.0,165014.0,6738.159402645671,42.24229744759474,2023-T4
678,2023,4,7,Chiapas,5760940.0,2712727.0,3048213.0,1826245.0,2129995.0,1522583.0,720553.0,4839.881181713466,29.76188524919666,2023-T4
679,2023,4,8,Chihuahua,3868446.0,1884649.0,1983797.0,1434185.0,1554004.0,1106955.0,751037.0,7927.260228105915,46.523944728291404,2023-T4
680,2023,4,9,Ciudad de México,9314678.0,4384566.0,4930112.0,3659753.0,4275915.0,2647213.0,2199966.0,4982.461737668434,31.374119482289654,2023-T4
681,2023,4,10,Durango,1895662.0,901833.0,993829.0,647443.0,754653.0,494901.0,358662.0,6821.072006982612,45.323195290232896,2023-T4
682,2023,4,11,Guanajuato,6306505.0,2986888.0,3319617.0,2254560.0,2607508.0,1726623.0,1165305.0,4815.843310798663,28.27264652289162,2023-T4
683,2023,4,12,Guerrero,3609154.0,1690455.0,1918699.0,1214832.0,1423850.0,928249.0,728799.0,3671.6521757639225,24.409937488040807,2023-T4
684,2023,4,13,Hidalgo,3227014.0,1480892.0,1746122.0,1127167.0,1388049.0,842712.0,625024.0,5239.604711311589,34.287206254691185,2023-T4
685,2023,4,14,Jalisco,8670396.0,4159741.0,4510655.0,3191553.0,3560574.0,2420321.0,1678023.0,5630.377130753052,32.5128663564391,2023-T4
686,2023,4,15,México,17617089.0,8382397.0,9234692.0,6577198.0,7481304.0,5026182.0,3464711.0,4372.9950539845,26.04380483420703,2023-T4
687,2023,4,16,Michoacán,4955484.0,2348467.0,2607017.0,1713663.0,2016498.0,1351844.0,921181.0,6823.463353457867,45.74634452528807,2023-T4
688,2023,4,17,Morelos,1975714.0,914822.0,1060892.0,723543.0,852466.0,521981.0,388288.0,2544.7480662191915,15.563792408778486,2023-T4
689,2023,4,18,Nayarit,1275680.0,623377.0,652303.0,474102.0,510099.0,381041.0,271570.0,7937.905639183612,50.20134547785847,2023-T4
690,2023,4,19,Nuevo León,6092924.0,3029806.0,3063118.0,2385363.0,2488448.0,1804762.0,1160848.0,9247.078806659438,53.92653190967339,2023-T4
691,2023,4,20,Oaxaca,4281711.0,2000174.0,2281537.0,1443285.0,1729485.0,1147295.0,775472.0,3847.3127798586793,25.00829868391347,2023-T4
692,2023,4,21,Puebla,6565074.0,3034954.0,3530120.0,2229395.0,2724353.0,1762880.0,1270604.0,4756.306229077603,27.350705501954728,2023-T4
693,2023,4,22,Querétaro,2512390.0,1179288.0,1333102.0,914862.0,1080860.0,677533.0,502263.0,3819.983635895399,22.478832442341517,2023-T4
694,2023,4,23,Quintana Roo,1933662.0,946678.0,986984.0,736675.0,778695.0,585989.0,409938.0,7303.151822112797,46.129625135258856,2023-T4
695,2023,4,24,San Luis Potosí,2869733.0,1374834.0,1494899.0,1028736.0,1175877.0,792770.0,559005.0,5142.683825511196,32.194650865518895,2023-T4
696,2023,4,25,Sinaloa,3088878.0,1503827.0,1585051.0,1172567.0,1249426.0,875614.0,623914.0,8122.0871365018875,52.2300119132047,2023-T4
697,2023,4,26,Sonora,3002935.0,1468290.0,1534645.0,1133321.0,1223599.0,860433.0,611016.0,7405.952747337282,49.324613427069856,2023-T4
698,2023,4,27,Tabasco,2500639.0,1203386.0,1297253.0,895498.0,989640.0,712522.0,414396.0,6446.559203137099,40.47882952944445,2023-T4
699,2023,4,28,Tamaulipas,3577892.0,1721590.0,1856302.0,1329685.0,1472270.0,1007127.0,705291.0,8073.065593265254,50.97023618685346,2023-T4
700,2023,4,29,Tlaxcala,1419883.0,665198.0,754685.0,499049.0,583018.0,389412.0,279778.0,4654.419227960548,27.931618531365643,2023-T4
701,2023,4,30,Veracruz,8126037.0,3886485.0,4239552.0,2965600.0,3394191.0,2185593.0,1368690.0,4981.579978410722,31.48687196463293,2023-T4
702,2023,4,31,Yucatán,2376342.0,1139812.0,1236530.0,885371.0,983057.0,706300.0,522580.0,6720.254649374836,43.69769410830094,2023-T4
703,2023,4,32,Zacatecas,1644586.0,775315.0,869271.0,575755.0,660205.0,416919.0,262299.0,4762.350111431459,31.11658748002794,2023-T4
704,2024,1,1,Aguascalientes,1496367.0,713145.0,783222.0,537622.0,621112.0,401400.0,283181.0,5330.068467157901,29.597149813761497,2024-T1
705,2024,1,2,Baja California,3790312.0,1873626.0,1916686.0,1500231.0,1544661.0,1086799.0,731644.0,7223.9418700756105,40.638730816388914,2024-T1
706,2024,1,3,Baja California Sur,864940.0,436435.0,428505.0,335903.0,338786.0,270470.0,190315.0,11068.343265594205,68.47713061946234,2024-T1
707,2024,1,4,Campeche,947086.0,458463.0,488623.0,350334.0,380480.0,273435.0,180692.0,7814.836709310987,46.558567663629596,2024-T1
708,2024,1,5,Coahuila,3333392.0,1646726.0,1686666.0,1244132.0,1303953.0,933863.0,597299.0,9413.289668915153,54.128259401625236,2024-T1
709,2024,1,6,Colima,736226.0,354203.0,382023.0,269718.0,302567.0,210282.0,174138.0,7515.202962864545,49.68698262911047,2024-T1
710,2024,1,7,Chiapas,5748869.0,2691792.0,3057077.0,1848907.0,2193032.0,1534194.0,721243.0,5140.361880505099,29.575673584513265,2024-T1
711,2024,1,8,Chihuahua,3878898.0,1879443.0,1999455.0,1441567.0,1578447.0,1081866.0,732011.0,8456.32958828744,49.34239004074944,2024-T1
712,2024,1,9,Ciudad de México,9328730.0,4358514.0,4970216.0,3657130.0,4339569.0,2637832.0,2272205.0,5411.583094330114,35.19554492559706,2024-T1
713,2024,1,10,Durango,1881492.0,905809.0,975683.0,654693.0,748898.0,493728.0,346964.0,7545.2364649085675,48.17390712308532,2024-T1
714,2024,1,11,Guanajuato,6309252.0,2985266.0,3323986.0,2238670.0,2611234.0,1716793.0,1171019.0,5012.7830773933265,29.071789187707015,2024-T1
715,2024,1,12,Guerrero,3612283.0,1702160.0,1910123.0,1224720.0,1429767.0,925463.0,710950.0,4566.928669830851,29.669731497667676,2024-T1
716,2024,1,13,Hidalgo,3228522.0,1492374.0,1736148.0,1132827.0,1374135.0,852007.0,615753.0,5280.2397868264425,33.61714466912208,2024-T1
717,2024,1,14,Jalisco,8685291.0,4168981.0,4516310.0,3219666.0,3565845.0,2443570.0,1649033.0,6360.035199054148,36.39796689452231,2024-T1
718,2024,1,15,México,17630116.0,8434619.0,9195497.0,6575513.0,7433831.0,4943273.0,3385400.0,4537.29053087214,26.48063856607861,2024-T1
719,2024,1,16,Michoacán,4971085.0,2369587.0,2601498.0,1723602.0,2012304.0,1363788.0,943362.0,7095.100859084555,45.283842031166074,2024-T1
720,2024,1,17,Morelos,1972529.0,911861.0,1060668.0,727749.0,859275.0,516811.0,385222.0,2768.0477491611937,16.368025026282034,2024-T1
721,2024,1,18,Nayarit,1262051.0,621032.0,641019.0,474207.0,504870.0,382990.0,271196.0,8651.284557701034,54.31115572714359,2024-T1
722,2024,1,19,Nuevo León,6111879.0,3052260.0,3059619.0,2417096.0,2483921.0,1816598.0,1170476.0,9441.38693512403,55.04108113995844,2024-T1
723,2024,1,20,Oaxaca,4291604.0,2009164.0,2282440.0,1448045.0,1739398.0,1117190.0,753416.0,3891.345937949259,25.628386312692957,2024-T1
724,2024,1,21,Puebla,6565741.0,3046643.0,3519098.0,2241914.0,2719583.0,1782879.0,1234493.0,4871.869431486133,28.169533168198054,2024-T1
725,2024,1,22,Querétaro,2521617.0,1183084.0,1338533.0,921309.0,1090537.0,669595.0,511245.0,4108.915811293707,24.49569951293324,2024-T1
726,2024,1,23,Quintana Roo,1916929.0,932840.0,984089.0,722441.0,778084.0,583587.0,396951.0,7940.968269938548,46.44174905967124,2024-T1
727,2024,1,24,San Luis Potosí,2888485.0,1373870.0,1514615.0,1028491.0,1185694.0,787117.0,551318.0,5777.115391615976,35.35192781668759,2024-T1
728,2024,1,25,Sinaloa,3088845.0,1487892.0,1600953.0,1154898.0,1270068.0,853383.0,628412.0,8192.68877261578,55.21273475547005,2024-T1
729,2024,1,26,Sonora,3004700.0,1501478.0,1503222.0,1157511.0,1211764.0,844803.0,597455.0,7451.874641162633,43.15872076297083,2024-T1
730,2024,1,27,Tabasco,2506364.0,1203544.0,1302820.0,897887.0,1011382.0,711649.0,406633.0,7490.482700704786,44.248923666970974,2024-T1
731,2024,1,28,Tamaulipas,3563358.0,1706088.0,1857270.0,1312791.0,1464640.0,987094.0,680797.0,8508.46389983377,51.61714993828387,2024-T1
732,2024,1,29,Tlaxcala,1436830.0,666654.0,770176.0,503291.0,592037.0,385066.0,286373.0,4883.47200787341,28.621100342770145,2024-T1
733,2024,1,30,Veracruz,8117691.0,3797377.0,4320314.0,2904066.0,3456469.0,2209397.0,1361998.0,5777.5088969450835,34.172852171807264,2024-T1
734,2024,1,31,Yucatán,2377894.0,1139906.0,1237988.0,894811.0,986699.0,707031.0,510331.0,6995.5018526730355,46.82800115940504,2024-T1
735,2024,1,32,Zacatecas,1644312.0,769370.0,874942.0,580120.0,665956.0,421852.0,265790.0,5030.198872223726,31.473105258944546,2024-T1
736,2024,2,1,Aguascalientes,1500835.0,715279.0,785556.0,538827.0,620537.0,396758.0,279092.0,4720.069634168374,26.423886370498302,2024-T2
737,2024,2,2,Baja California,3784589.0,1851661.0,1932928.0,1481047.0,1558492.0,1094020.0,751171.0,7320.059085349715,42.06839310981097,2024-T2
738,2024,2,3,Baja California Sur,876655.0,444228.0,432427.0,342032.0,337163.0,278095.0,189180.0,11351.867698981136,70.00486925122479,2024-T2
739,2024,2,4,Campeche,947329.0,459918.0,487411.0,349429.0,377459.0,274183.0,174463.0,8227.4296845682,49.6949787092519,2024-T2
740,2024,2,5,Coahuila,3344327.0,1654386.0,1689941.0,1248211.0,1301985.0,954480.0,612778.0,9459.464592908907,54.395188444496135,2024-T2
741,2024,2,6,Colima,736922.0,349830.0,387092.0,270448.0,305319.0,209795.0,166693.0,7117.2041466439105,42.99600553721587,2024-T2
742,2024,2,7,Chiapas,5790972.0,2679629.0,3111343.0,1865222.0,2241676.0,1515340.0,720294.0,5250.2897689496,31.495737320317996,2024-T2
743,2024,2,8,Chihuahua,3851286.0,1847465.0,2003821.0,1414745.0,1570201.0,1079871.0,759344.0,7997.230209020767,48.62095498370241,2024-T2
744,2024,2,9,Ciudad de México,9324702.0,4338623.0,4986079.0,3660246.0,4355221.0,2659550.0,2378223.0,6103.060654220861,38.883799182824845,2024-T2
745,2024,2,10,Durango,1891737.0,907282.0,984455.0,662203.0,762659.0,501759.0,351943.0,7438.698720730103,47.058809804095986,2024-T2
746,2024,2,11,Guanajuato,6334642.0,2969761.0,3364881.0,2202990.0,2639777.0,1681859.0,1237839.0,4695.6700866895,28.489989551092897,2024-T2
747,2024,2,12,Guerrero,3605206.0,1697009.0,1908197.0,1203384.0,1416165.0,920636.0,672136.0,4802.473470734346,30.430681968436044,2024-T2
748,2024,2,13,Hidalgo,3243264.0,1504586.0,1738678.0,1132704.0,1371434.0,852805.0,630706.0,5365.34553589011,34.402073926841325,2024-T2
749,2024,2,14,Jalisco,8705996.0,4182539.0,4523457.0,3210059.0,3571312.0,2439288.0,1621367.0,6286.310129580121,36.38348741943704,2024-T2
750,2024,2,15,México,17680769.0,8463068.0,9217701.0,6600873.0,7429026.0,5033661.0,3407256.0,4330.570769699822,25.439828251446244,2024-T2
751,2024,2,16,Michoacán,4947478.0,2359214.0,2588264.0,1711780.0,2001853.0,1361061.0,926987.0,7086.602761906625,47.695390866954774,2024-T2
752,2024,2,17,Morelos,1982410.0,929476.0,1052934.0,729330.0,854859.0,512038.0,375117.0,2630.840026982269,16.368856916817652,2024-T2
753,2024,2,18,Nayarit,1252660.0,615893.0,636767.0,473713.0,500014.0,372539.0,274077.0,8604.329014749674,54.00968348788983,2024-T2
754,2024,2,19,Nuevo León,6131075.0,3028984.0,3102091.0,2386366.0,2502418.0,1816852.0,1195737.0,9357.996344644851,54.459410846838715,2024-T2
755,2024,2,20,Oaxaca,4294933.0,2023382.0,2271551.0,1467692.0,1745311.0,1127565.0,758575.0,4222.1971093321545,27.47979595912346,2024-T2
756,2024,2,21,Puebla,6584124.0,3083322.0,3500802.0,2265618.0,2704410.0,1807931.0,1246913.0,4949.411078105513,29.004248690773004,2024-T2
757,2024,2,22,Querétaro,2533117.0,1198265.0,1334852.0,931189.0,1085246.0,685695.0,503471.0,3826.2209203790812,22.5116380684145,2024-T2
758,2024,2,23,Quintana Roo,1904970.0,913688.0,991282.0,714303.0,785853.0,574344.0,410763.0,7699.445844845022,44.57933878022666,2024-T2
759,2024,2,24,San Luis Potosí,2880652.0,1370547.0,1510105.0,1032477.0,1185932.0,787247.0,557568.0,5768.561945483209,37.041594756661844,2024-T2
760,2024,2,25,Sinaloa,3092064.0,1486477.0,1605587.0,1147961.0,1279987.0,853474.0,652339.0,8251.304618843662,55.51127400161416,2024-T2
761,2024,2,26,Sonora,3049163.0,1511164.0,1537999.0,1165416.0,1228988.0,851712.0,630062.0,7495.025297363761,45.10224360165334,2024-T2
762,2024,2,27,Tabasco,2515652.0,1208278.0,1307374.0,915115.0,1019910.0,709614.0,398141.0,6762.859597740879,43.487313448433795,2024-T2
763,2024,2,28,Tamaulipas,3557753.0,1683940.0,1873813.0,1292149.0,1463573.0,976861.0,692304.0,8464.810209242192,53.45858642633097,2024-T2
764,2024,2,29,Tlaxcala,1475944.0,692493.0,783451.0,512747.0,602437.0,398707.0,287028.0,5329.534852745302,31.78718503555609,2024-T2
765,2024,2,30,Veracruz,8095113.0,3829842.0,4265271.0,2885638.0,3429748.0,2154522.0,1286039.0,5865.255238197501,35.194741700409416,2024-T2
766,2024,2,31,Yucatán,2362073.0,1154054.0,1208019.0,897456.0,968512.0,711383.0,518655.0,7219.703927279949,46.976659517215985,2024-T2
767,2024,2,32,Zacatecas,1661816.0,785703.0,876113.0,576018.0,667175.0,423983.0,269721.0,5433.262367927763,35.32876823418361,2024-T2
768,2024,3,1,Aguascalientes,1500412.0,721346.0,779066.0,542850.0,619468.0,406872.0,282646.0,5361.453381693725,29.42460583953235,2024-T3
769,2024,3,2,Baja California,3786109.0,1852009.0,1934100.0,1470343.0,1558113.0,1087724.0,734463.0,8232.518455479438,46.41778265843301,2024-T3
770,2024,3,3,Baja California Sur,883649.0,446708.0,436941.0,352030.0,338663.0,286025.0,194876.0,11976.717622338838,71.5638433937028,2024-T3
771,2024,3,4,Campeche,941096.0,455846.0,485250.0,348669.0,378643.0,274023.0,170022.0,7890.096623195263,47.575376995833544,2024-T3
772,2024,3,5,Coahuila,3354804.0,1642133.0,1712671.0,1245078.0,1333406.0,951715.0,623586.0,9677.019405342578,57.09107390867217,2024-T3
773,2024,3,6,Colima,733701.0,353285.0,380416.0,273030.0,301080.0,213242.0,170838.0,7438.201418844343,44.67930172839342,2024-T3
774,2024,3,7,Chiapas,5803144.0,2728061.0,3075083.0,1910852.0,2238027.0,1553947.0,676095.0,5352.639641683664,31.979828385600378,2024-T3
775,2024,3,8,Chihuahua,3870533.0,1867721.0,2002812.0,1432903.0,1584555.0,1098295.0,760024.0,8429.006625975038,48.57403539430631,2024-T3
776,2024,3,9,Ciudad de México,9338373.0,4363329.0,4975044.0,3682526.0,4349180.0,2710677.0,2386025.0,6888.908564562744,41.67006966939306,2024-T3
777,2024,3,10,Durango,1903497.0,915538.0,987959.0,669126.0,762486.0,509119.0,365298.0,7523.726146157557,46.095162902042084,2024-T3
778,2024,3,11,Guanajuato,6330734.0,2979194.0,3351540.0,2209618.0,2637277.0,1701097.0,1206907.0,5187.0757809561865,31.400180846823822,2024-T3
779,2024,3,12,Guerrero,3607623.0,1699704.0,1907919.0,1211413.0,1422761.0,919092.0,652305.0,4485.368273275471,29.256905702370354,2024-T3
780,2024,3,13,Hidalgo,3240790.0,1520851.0,1719939.0,1142528.0,1345550.0,880224.0,605163.0,6006.047854981411,38.70186649413497,2024-T3
781,2024,3,14,Jalisco,8726308.0,4176588.0,4549720.0,3197539.0,3584494.0,2409037.0,1607369.0,6508.457227791835,37.1432003587457,2024-T3
782,2024,3,15,México,17727868.0,8485087.0,9242781.0,6654677.0,7468843.0,5042433.0,3403089.0,3758.4663733414895,22.11191394832502,2024-T3
783,2024,3,16,Michoacán,4941831.0,2338320.0,2603511.0,1727971.0,2000422.0,1359335.0,882354.0,7011.351424058285,44.69402028928765,2024-T3
784,2024,3,17,Morelos,1979715.0,937696.0,1042019.0,730452.0,833713.0,530550.0,374960.0,2738.6942979917526,16.297820704868485,2024-T3
785,2024,3,18,Nayarit,1248922.0,605368.0,643554.0,464926.0,500804.0,366339.0,270535.0,8887.87403258738,55.983572098891955,2024-T3
786,2024,3,19,Nuevo León,6128074.0,3021528.0,3106546.0,2359437.0,2495489.0,1806157.0,1200766.0,9824.223597746684,58.86053364995531,2024-T3
787,2024,3,20,Oaxaca,4297758.0,1999211.0,2298547.0,1445255.0,1758282.0,1127487.0,814377.0,3799.2591020765863,24.903943066335966,2024-T3
788,2024,3,21,Puebla,6603151.0,3108047.0,3495104.0,2305293.0,2741034.0,1853415.0,1319470.0,4732.459083182951,27.568603629545578,2024-T3
789,2024,3,22,Querétaro,2541803.0,1217766.0,1324037.0,939607.0,1079670.0,703065.0,517295.0,4182.805979496901,24.25673116990741,2024-T3
790,2024,3,23,Quintana Roo,1912993.0,930088.0,982905.0,736057.0,781917.0,602322.0,400777.0,8038.308565358267,47.084286021571515,2024-T3
791,2024,3,24,San Luis Potosí,2880503.0,1358746.0,1521757.0,1028675.0,1208819.0,792531.0,564628.0,5607.63467615863,36.08900902576842,2024-T3
792,2024,3,25,Sinaloa,3100860.0,1479325.0,1621535.0,1142324.0,1290975.0,827667.0,624954.0,8329.972656623346,53.75086909255416,2024-T3
793,2024,3,26,Sonora,3076858.0,1502449.0,1574409.0,1137459.0,1242791.0,835822.0,606173.0,8113.340524089008,46.841334531211686,2024-T3
794,2024,3,27,Tabasco,2527412.0,1213912.0,1313500.0,929272.0,1031993.0,716723.0,397643.0,6554.095487229371,44.39130883717895,2024-T3
795,2024,3,28,Tamaulipas,3574192.0,1705461.0,1868731.0,1323458.0,1488271.0,1003522.0,711772.0,8468.035236947559,52.4056918023117,2024-T3
796,2024,3,29,Tlaxcala,1464291.0,690761.0,773530.0,519834.0,598541.0,406961.0,288491.0,5244.190040786855,31.376863666386203,2024-T3
797,2024,3,30,Veracruz,8094410.0,3813099.0,4281311.0,2932973.0,3444983.0,2195990.0,1426646.0,5709.076886576504,35.519059568910244,2024-T3
798,2024,3,31,Yucatán,2381597.0,1158071.0,1223526.0,912877.0,989762.0,726422.0,525362.0,7386.561674007014,47.207433677053004,2024-T3
799,2024,3,32,Zacatecas,1651236.0,784586.0,866650.0,572777.0,659027.0,437128.0,270467.0,5760.164354715438,35.060426459212245,2024-T3
800,2024,4,1,Aguascalientes,1493459.0,713682.0,779777.0,536706.0,615220.0,393850.0,284637.0,5461.381999089157,31.200524828402617,2024-T4
801,2024,4,2,Baja California,3779050.0,1855967.0,1923083.0,1478029.0,1546251.0,1091052.0,724733.0,7712.529103122126,44.98750381957199,2024-T4
802,2024,4,3,Baja California Sur,872439.0,438014.0,434425.0,342393.0,337748.0,270621.0,193728.0,12341.553865638814,77.89472620611619,2024-T4
803,2024,4,4,Campeche,949481.0,456915.0,492566.0,351388.0,383200.0,273331.0,173011.0,7957.183167265394,49.67918523140271,2024-T4
804,2024,4,5,Coahuila,3457516.0,1698978.0,1758538.0,1286012.0,1384152.0,964034.0,638490.0,9560.77703066669,56.61933952470931,2024-T4
805,2024,4,6,Colima,719445.0,347588.0,371857.0,266339.0,296377.0,205487.0,162704.0,7477.348033836623,45.29171566791216,2024-T4
806,2024,4,7,Chiapas,5914879.0,2773866.0,3141013.0,1963607.0,2265916.0,1577459.0,712096.0,5348.451474170298,32.23314969078379,2024-T4
807,2024,4,8,Chihuahua,3900629.0,1881197.0,2019432.0,1451096.0,1588278.0,1099680.0,783402.0,8076.597607774137,48.94299448101253,2024-T4
808,2024,4,9,Ciudad de México,9352517.0,4347721.0,5004796.0,3648604.0,4354909.0,2734173.0,2484036.0,6182.284159323918,42.46571031995122,2024-T4
809,2024,4,10,Durango,1890563.0,910621.0,979942.0,678256.0,764770.0,511513.0,368801.0,7483.595158186834,48.23896362647329,2024-T4
810,2024,4,11,Guanajuato,6313504.0,2968762.0,3344742.0,2203617.0,2633475.0,1652243.0,1248563.0,4759.837058408836,28.715211817064592,2024-T4
811,2024,4,12,Guerrero,3603188.0,1693207.0,1909981.0,1202043.0,1428740.0,893119.0,692662.0,4590.878217938169,30.01995699275149,2024-T4
812,2024,4,13,Hidalgo,3222994.0,1511480.0,1711514.0,1133954.0,1369625.0,862959.0,631711.0,5770.564603633192,36.95151090074817,2024-T4
813,2024,4,14,Jalisco,8732495.0,4157000.0,4575495.0,3190559.0,3606893.0,2372762.0,1606819.0,5930.312680301731,33.66663307644691,2024-T4
814,2024,4,15,México,17728216.0,8485692.0,9242524.0,6691402.0,7554986.0,4955007.0,3430435.0,3336.988885445924,19.201465499577697,2024-T4
815,2024,4,16,Michoacán,4943602.0,2363993.0,2579609.0,1750592.0,1990414.0,1345486.0,906479.0,6912.439987833042,46.939214417551966,2024-T4
816,2024,4,17,Morelos,1964164.0,923111.0,1041053.0,733450.0,838079.0,498741.0,380248.0,2971.11225952234,18.85231125855642,2024-T4
817,2024,4,18,Nayarit,1237293.0,601907.0,635386.0,462456.0,495423.0,361820.0,272242.0,8668.820923195777,54.353667868779375,2024-T4
818,2024,4,19,Nuevo León,6130641.0,3021957.0,3108684.0,2375954.0,2474436.0,1827445.0,1196714.0,9465.995776653952,56.8836202220253,2024-T4
819,2024,4,20,Oaxaca,4242791.0,1983250.0,2259541.0,1446250.0,1738320.0,1047831.0,745561.0,4330.967820665373,28.82126967367772,2024-T4
820,2024,4,21,Puebla,6586805.0,3108170.0,3478635.0,2296655.0,2740787.0,1790785.0,1299264.0,4859.781781406401,28.958659923353856,2024-T4
821,2024,4,22,Querétaro,2530655.0,1193623.0,1337032.0,922104.0,1088156.0,690138.0,549476.0,3805.6970220673943,23.462702553298577,2024-T4
822,2024,4,23,Quintana Roo,1917252.0,930619.0,986633.0,736818.0,779327.0,601859.0,400228.0,8319.330281776061,49.71791014471743,2024-T4
823,2024,4,24,San Luis Potosí,2874010.0,1368500.0,1505510.0,1029038.0,1181727.0,787976.0,530779.0,5385.166462052086,34.61973944144134,2024-T4
824,2024,4,25,Sinaloa,3169760.0,1536888.0,1632872.0,1183549.0,1315460.0,857101.0,622624.0,8369.34628968191,54.638274612931816,2024-T4
825,2024,4,26,Sonora,3039967.0,1472856.0,1567111.0,1140013.0,1235494.0,827865.0,620307.0,7253.40407817546,43.82354304431559,2024-T4
826,2024,4,27,Tabasco,2537961.0,1217670.0,1320291.0,929206.0,1026824.0,716594.0,434197.0,6602.942290643476,47.09217023695436,2024-T4
827,2024,4,28,Tamaulipas,3575756.0,1708634.0,1867122.0,1339475.0,1487269.0,985071.0,693917.0,8637.2094923144,54.32501775139556,2024-T4
828,2024,4,29,Tlaxcala,1469900.0,695476.0,774424.0,525180.0,607270.0,397288.0,291563.0,5422.4533396304,33.16105032319148,2024-T4
829,2024,4,30,Veracruz,8093517.0,3750728.0,4342789.0,2862920.0,3504477.0,2136760.0,1336058.0,5400.240561586418,34.20160511019121,2024-T4
830,2024,4,31,Yucatán,2375403.0,1155685.0,1219718.0,910122.0,983195.0,710284.0,518923.0,7492.127023520273,49.16285171577329,2024-T4
831,2024,4,32,Zacatecas,1674227.0,799003.0,875224.0,582125.0,669403.0,427214.0,253365.0,5624.059159178657,34.807145009293635,2024-T4
